var citiesUSCAN = ['Huntsville, AL','Birmingham, AL','Montgomery, AL','Mobile, AL','Tuscaloosa, AL','Hoover, AL','Auburn, AL','Dothan, AL','Decatur, AL','Madison, AL','Florence, AL','Vestavia Hills, AL','Phenix City, AL','Prattville, AL','Gadsden, AL','Alabaster, AL','Northport, AL','Opelika, AL','Enterprise, AL','Daphne, AL','Homewood, AL','Trussville, AL','Bessemer, AL','Athens, AL','Pelham, AL','Fairhope, AL','Mountain Brook, AL','Albertville, AL','Oxford, AL','Anniston, AL','Helena, AL','Foley, AL','Prichard, AL','Cullman, AL','Selma, AL','Tillmans Corner, AL','Troy, AL','Hueytown, AL','Millbrook, AL','Calera, AL','Center Point, AL','Muscle Shoals, AL','Saraland, AL','Gardendale, AL','Talladega, AL','Scottsboro, AL','Hartselle, AL','Gulf Shores, AL','Chelsea, AL','Fort Payne, AL','Alexander City, AL','Jasper, AL','Jacksonville, AL','Ozark, AL','Irondale, AL','Moody, AL','Pell City, AL','Eufaula, AL','Sylacauga, AL','Leeds, AL','Russellville, AL','Valley, AL','Forestdale, AL','Clay, AL','Rainbow City, AL','Boaz, AL','Spanish Fort, AL','Fairfield, AL','Anchorage, AK','Fairbanks, AK','Juneau, AK','Knik-Fairview, AK','Badger, AK','College, AK','Lakes, AK','Phoenix, AZ','Tucson, AZ','Mesa, AZ','Chandler, AZ','Gilbert, AZ','Glendale, AZ','Scottsdale, AZ','Peoria, AZ','Tempe, AZ','Surprise, AZ','San Tan Valley, AZ','Yuma, AZ','Goodyear, AZ','Buckeye, AZ','Avondale, AZ','Flagstaff, AZ','Casas Adobes, AZ','Queen Creek, AZ','Maricopa, AZ','Lake Havasu City, AZ','Casa Grande, AZ','Catalina Foothills, AZ','Marana, AZ','Oro Valley, AZ','Prescott Valley, AZ','Prescott, AZ','Sierra Vista, AZ','Bullhead City, AZ','Sun City, AZ','Apache Junction, AZ','El Mirage, AZ','San Luis, AZ','Sahuarita, AZ','Kingman, AZ','Fortuna Foothills, AZ','Drexel Heights, AZ','Florence, AZ','Sun City West, AZ','Fountain Hills, AZ','Anthem, AZ','Green Valley, AZ','Rio Rico, AZ','Nogales, AZ','New River, AZ','Douglas, AZ','Payson, AZ','Tanque Verde, AZ','Fort Mohave, AZ','Flowing Wells, AZ','Eloy, AZ','Sun Lakes, AZ','Sierra Vista Southeast, AZ','Somerton, AZ','Valencia West, AZ','Vail, AZ','Coolidge, AZ','Chino Valley, AZ','New Kingman-Butler, AZ','Paradise Valley, AZ','Saddlebrooke, AZ','Camp Verde, AZ','Tucson Estates, AZ','Cottonwood city, AZ','Verde Village, AZ','Show Low, AZ','Gold Canyon, AZ','Safford, AZ','Little Rock, AR','Fayetteville, AR','Fort Smith, AR','Springdale, AR','Jonesboro, AR','Rogers, AR','North Little Rock, AR','Conway, AR','Bentonville, AR','Pine Bluff, AR','Hot Springs, AR','Benton, AR','Sherwood, AR','Bella Vista, AR','Paragould, AR','Jacksonville, AR','Texarkana, AR','Russellville, AR','Cabot, AR','West Memphis, AR','Van Buren, AR','Searcy, AR','Bryant, AR','Maumelle, AR','Centerton, AR','El Dorado, AR','Siloam Springs, AR','Hot Springs Village, AR','Marion, AR','Blytheville, AR','Harrison, AR','Forrest City, AR','Mountain Home, AR','Batesville, AR','Magnolia, AR','Malvern, AR','Camden, AR','Arkadelphia, AR','Los Angeles, CA','San Diego, CA','San Jose, CA','San Francisco, CA','Fresno, CA','Sacramento, CA','Long Beach, CA','Oakland, CA','Bakersfield, CA','Anaheim, CA','Stockton, CA','Riverside, CA','Santa Ana, CA','Irvine, CA','Chula Vista, CA','Fremont, CA','Santa Clarita, CA','San Bernardino, CA','Modesto, CA','Moreno Valley, CA','Fontana, CA','Oxnard, CA','Huntington Beach, CA','Glendale, CA','Santa Rosa, CA','Elk Grove, CA','Ontario, CA','Rancho Cucamonga, CA','Oceanside, CA','Lancaster, CA','Garden Grove, CA','Palmdale, CA','Salinas, CA','Hayward, CA','Corona, CA','Sunnyvale, CA','Pomona, CA','Escondido, CA','Roseville, CA','Torrance, CA','Fullerton, CA','Visalia, CA','Orange, CA','Pasadena, CA','Victorville, CA','Santa Clara, CA','Thousand Oaks, CA','Simi Valley, CA','Vallejo, CA','Concord, CA','Berkeley, CA','Clovis, CA','Fairfield, CA','East Los Angeles, CA','Richmond, CA','Antioch, CA','Carlsbad, CA','Downey, CA','Costa Mesa, CA','Murrieta, CA','San Buenaventura (Ventura), CA','Temecula, CA','Santa Maria, CA','West Covina, CA','El Monte, CA','Inglewood, CA','Burbank, CA','El Cajon, CA','San Mateo, CA','Jurupa Valley, CA','Daly City, CA','Rialto, CA','Norwalk, CA','Menifee, CA','Vacaville, CA','Chico, CA','Hesperia, CA','Vista, CA','Compton, CA','Carson, CA','San Marcos, CA','Arden-Arcade, CA','Mission Viejo, CA','Redding, CA','Santa Monica, CA','Tracy, CA','South Gate, CA','Chino, CA','San Leandro, CA','Westminster, CA','Hemet, CA','Indio, CA','Santa Barbara, CA','Hawthorne, CA','Livermore, CA','Citrus Heights, CA','Whittier, CA','Merced, CA','Lake Forest, CA','Newport Beach, CA','San Ramon, CA','Redwood City, CA','Buena Park, CA','Manteca, CA','Alhambra, CA','Lakewood, CA','Mountain View city, CA','Folsom, CA','Tustin, CA','Milpitas, CA','Pleasanton, CA','Carmichael, CA','Rancho Cordova, CA','Napa, CA','Bellflower, CA','Upland, CA','Perris, CA','Chino Hills, CA','Alameda, CA','Pittsburg, CA','Apple Valley, CA','Redlands, CA','Turlock, CA','Dublin, CA','Baldwin Park, CA','Rocklin, CA','Redondo Beach, CA','Camarillo, CA','Lake Elsinore, CA','Union City, CA','Walnut Creek, CA','Yuba City, CA','Eastvale, CA','Tulare, CA','Palo Alto, CA','Yorba Linda, CA','Lynwood, CA','Davis, CA','Castro Valley, CA','Lodi, CA','Madera, CA','South San Francisco, CA','Laguna Niguel, CA','San Clemente, CA','Brentwood, CA','La Habra, CA','Santa Cruz, CA','Montebello, CA','Porterville, CA','Pico Rivera, CA','Encinitas, CA','Florence-Graham, CA','San Rafael, CA','La Mesa, CA','Monterey Park, CA','Woodland, CA','Gardena, CA','Cupertino, CA','Santee, CA','Petaluma, CA','Gilroy, CA','Hanford, CA','Fountain Valley, CA','Highland, CA','Arcadia, CA','South Whittier, CA','National City, CA','Diamond Bar, CA','Huntington Park, CA','Yucaipa, CA','Hacienda Heights, CA','West Sacramento, CA','Colton, CA','San Jacinto, CA','Paramount, CA','Novato, CA','Beaumont, CA','Watsonville, CA','Glendora, CA','Florin, CA','Aliso Viejo, CA','Placentia, CA','Cathedral City, CA','Delano, CA','Covina, CA','Rosemead, CA','Palm Desert, CA','El Dorado Hills, CA','Cypress, CA','Azusa, CA','Lincoln, CA','Cerritos, CA','North Highlands, CA','Ceres, CA','Poway, CA','Antelope, CA','Rowland Heights, CA','La Mirada, CA','Rancho Santa Margarita, CA','Newark, CA','Brea, CA','San Luis Obispo, CA','Los Banos, CA','Morgan Hill, CA','Palm Springs, CA','Lompoc, CA','Rohnert Park, CA','El Centro, CA','Campbell, CA','Vineyard, CA','San Bruno, CA','Danville, CA','Oakley, CA','Altadena, CA','Rancho Palos Verdes, CA','Coachella, CA','Hollister, CA','Culver City, CA','San Gabriel, CA','Bell Gardens, CA','Pacifica, CA','Calexico, CA','La Puente, CA','Adelanto, CA','Stanton, CA','Monrovia, CA','Montclair, CA','La Quinta, CA','Martinez, CA','Claremont, CA','Wildomar, CA','Temple City, CA','Moorpark, CA','Oildale, CA','Foothill Farms, CA','West Hollywood, CA','Orangevale, CA','Manhattan Beach, CA','French Valley, CA','San Juan Capistrano, CA','La Presa, CA','San Dimas, CA','Pleasant Hill, CA','Westmont, CA','Foster City, CA','Menlo Park, CA','Bell, CA','Los Gatos, CA','Dana Point, CA','Beverly Hills, CA','Goleta, CA','Fair Oaks, CA','Desert Hot Springs, CA','Seaside, CA','Fallbrook, CA','San Pablo, CA','Orcutt, CA','Atwater, CA','Lawndale, CA','Los Altos, CA','El Paso de Robles (Paso Robles), CA','Burlingame, CA','Laguna Hills, CA','La Verne, CA','Saratoga, CA','Spring Valley CDP, CA','San Carlos, CA','Santa Paula, CA','Monterey, CA','East Palo Alto, CA','Atascadero, CA','San Lorenzo, CA','Suisun City, CA','Banning, CA','Lathrop, CA','Walnut, CA','Belmont, CA','Twentynine Palms, CA','Ridgecrest, CA','Lemon Grove, CA','Benicia, CA','Wasco, CA','Lemoore, CA','South Pasadena, CA','Sanger, CA','Eureka, CA','Brawley, CA','Windsor, CA','Norco, CA','Temescal Valley, CA','Ladera Ranch, CA','Imperial Beach, CA','Hercules, CA','El Cerrito, CA','North Tustin, CA','Barstow, CA','Lafayette, CA','Galt, CA','West Whittier-Los Nietos, CA','Seal Beach, CA','Reedley, CA','Maywood, CA','Soledad, CA','Riverbank, CA','Loma Linda, CA','Selma, CA','Dinuba, CA','Mountain House, CA','West Rancho Dominguez, CA','Bloomington, CA','Willowbrook, CA','San Fernando, CA','Bay Point, CA','Ashland, CA','Patterson, CA','Rosemont, CA','Calabasas, CA','Millbrae, CA','Oakdale, CA','Laguna Beach, CA','West Puente Valley, CA','West Carson, CA','Cudahy, CA','East San Gabriel, CA','Valinda, CA','Winter Gardens, CA','Marina, CA','Corcoran, CA','Port Hueneme, CA','Rancho San Diego, CA','American Canyon, CA','Yucca Valley, CA','Duarte, CA','Linda, CA','Ramona, CA','South Lake Tahoe, CA','Granite Bay, CA','Lakeside, CA','Stanford, CA','Rosamond, CA','Lomita, CA','La Cañada Flintridge, CA','Lennox, CA','Agoura Hills, CA','Albany, CA','Imperial, CA','Coronado, CA','Stevenson Ranch, CA','Oroville, CA','La Crescenta-Montrose, CA','Shafter, CA','South San Jose Hills, CA','Mead Valley, CA','Hermosa Beach, CA','Casa de Oro-Mount Helix, CA','South El Monte, CA','Orinda, CA','Arvin, CA','East Hemet, CA','Santa Fe Springs, CA','Chowchilla, CA','Pinole, CA','Dixon, CA','Castaic and Greenfield city, CA','Prunedale, CA','Cameron Park, CA','Arcata, CA','Rosedale, CA','Arroyo Grande, CA','Blythe, CA','Nipomo, CA','Laguna Woods, CA','Coalinga, CA','El Segundo, CA','Live Oak, CA','Rancho Mirage, CA','Bostonia, CA','Moraga, CA','Truckee, CA','Susanville, CA','Clearlake, CA','Ukiah, CA','Olivehurst, CA','Fillmore, CA','Artesia, CA','McKinleyville, CA','Valle Vista, CA','Kerman, CA','Ripon, CA','Parkway, CA','Rio Linda, CA','Cherryland, CA','Vincent, CA','La Palma, CA','El Sobrante, CA','Isla Vista, CA','Woodcrest, CA','Discovery Bay, CA','Alamo, CA','Walnut Park, CA','East Rancho Dominguez, CA','Pacific Grove, CA','California City, CA','Coto de Caza and Red Bluff, CA','Alpine, CA','Parlier, CA','Lemon Hill, CA','Los Osos, CA','Mill Valley, CA','Livingston, CA','McFarland, CA','Hawaiian Gardens, CA','Lamont, CA','El Sobrante CDP, CA','North Fair Oaks, CA','Grass Valley, CA','Oak Park, CA','Salida, CA','Phelan, CA','Auburn, CA','Avenal, CA','North Auburn, CA','Palos Verdes Estates, CA','King City, CA','Avocado Heights, CA','Carpinteria, CA','Lake Los Angeles, CA','Grand Terrace, CA','Larkspur, CA','Solana Beach, CA','Tehachapi, CA','Bonita, CA','Emeryville, CA','Marysville, CA','San Anselmo, CA','Big Bear City, CA','Grover Beach, CA','Lindsay, CA','Mendota, CA','Fortuna, CA','San Marino, CA','Camp Pendleton South, CA','Lake Arrowhead, CA','Kingsburg, CA','Commerce, CA','Lakeland Village, CA','Newman, CA','Sun Village, CA','Scotts Valley, CA','Alum Rock, CA','Signal Hill, CA','Half Moon Bay, CA','Los Alamitos, CA','Winton, CA','Crestline, CA','Tamalpais-Homestead Valley, CA','Quartz Hill, CA','View Park-Windsor Hills, CA','Garden Acres, CA','Hillsborough, CA','Marina del Rey, CA','Diamond Springs, CA','Fairview, CA','Healdsburg, CA','Anderson, CA','Piedmont, CA','Sierra Madre, CA','La Riviera, CA','Home Gardens, CA','Canyon Lake, CA','Clayton, CA','Country Club, CA','Morro Bay, CA','Placerville, CA','Sonoma, CA','Muscoy, CA','Delhi, CA','Malibu, CA','Rossmoor, CA','Farmersville, CA','San Diego Country Estates, CA','East Whittier, CA','Shasta Lake, CA','Del Aire, CA','Exeter, CA','Citrus, CA','Corte Madera, CA','Valley Center, CA','Calimesa, CA','Rio Vista, CA','Denver, CO','Colorado Springs, CO','Aurora, CO','Fort Collins, CO','Lakewood, CO','Thornton, CO','Arvada, CO','Westminster, CO','Pueblo, CO','Greeley, CO','Centennial, CO','Boulder, CO','Highlands Ranch, CO','Longmont, CO','Loveland, CO','Broomfield, CO','Castle Rock, CO','Grand Junction, CO','Commerce City, CO','Parker, CO','Littleton, CO','Brighton, CO','Security-Widefield, CO','Northglenn, CO','Dakota Ridge, CO','Ken Caryl, CO','Englewood, CO','Pueblo West, CO','Windsor, CO','Wheat Ridge, CO','Lafayette, CO','Erie, CO','Fountain, CO','Columbine, CO','Evans, CO','Louisville, CO','Clifton, CO','Golden, CO','Montrose, CO','Cimarron Hills, CO','Sherrelwood, CO','Durango, CO','Fort Carson, CO','Johnstown, CO','Cañon City, CO','Firestone, CO','Greenwood Village, CO','Welby, CO','Black Forest, CO','Frederick, CO','Federal Heights, CO','Lone Tree, CO','Sterling, CO','Fruita, CO','Steamboat Springs, CO','Superior, CO','Berkley, CO','Fort Morgan, CO','Cherry Creek, CO','The Pinery, CO','Edwards, CO','Wellington, CO','Castle Pines, CO','Rifle, CO','Monument, CO','Berthoud, CO','Bridgeport, CT','Stamford, CT','New Haven, CT','Hartford, CT','Waterbury, CT','Norwalk, CT','Danbury, CT','New Britain, CT','West Hartford, CT','Greenwich, CT','Fairfield, CT','Hamden, CT','Meriden, CT','Bristol, CT','Manchester, CT','West Haven, CT','Stratford, CT','Milford, CT','East Hartford, CT','Middletown, CT','Wallingford, CT','Southington, CT','Enfield, CT','Shelton, CT','Norwich, CT','Groton, CT','Trumbull, CT','Torrington, CT','Glastonbury, CT','Naugatuck, CT','Newington, CT','Vernon, CT','Windsor, CT','Cheshire, CT','Branford, CT','New Milford, CT','East Haven, CT','New London, CT','Wethersfield, CT','Newtown, CT','Westport, CT','South Windsor, CT','Farmington, CT','Mansfield, CT','Ridgefield, CT','Simsbury, CT','Windham, CT','North Haven, CT','Watertown, CT','Guilford, CT','Bloomfield, CT','Darien, CT','Rocky Hill, CT','New Canaan, CT','Bethel, CT','Berlin, CT','Southbury, CT','Waterford, CT','Avon, CT','Ansonia, CT','Monroe, CT','East Lyme, CT','Wilton, CT','Montville, CT','Stonington, CT','Killingly, CT','Madison, CT','Brookfield, CT','Plainville, CT','Seymour, CT','Ellington, CT','Wolcott, CT','Suffield, CT','Colchester, CT','Ledyard, CT','Plainfield, CT','Tolland, CT','Orange, CT','Cromwell, CT','New Fairfield, CT','North Branford, CT','Clinton, CT','East Hampton, CT','Oxford, CT','Windsor Locks, CT','Derby, CT','Coventry, CT','Plymouth, CT','Stafford, CT','Griswold, CT','East Windsor, CT','Granby, CT','Old Saybrook, CT','Weston, CT','Somers, CT','Winchester, CT','Canton, CT','Wilmington, DE','Dover, DE','Newark, DE','Middletown, DE','Bear, DE','Glasgow, DE','Brookside, DE','Hockessin, DE','Smyrna, DE','Pike Creek Valley, DE','Milford, DE','Jacksonville, FL','Miami, FL','Tampa, FL','Orlando, FL','St. Petersburg, FL','Hialeah, FL','Port St. Lucie, FL','Tallahassee, FL','Cape Coral, FL','Fort Lauderdale, FL','Pembroke Pines, FL','Hollywood, FL','Gainesville, FL','Miramar, FL','Coral Springs, FL','Palm Bay, FL','West Palm Beach, FL','Clearwater, FL','Brandon, FL','Lehigh Acres, FL','Spring Hill, FL','Lakeland, FL','Pompano Beach, FL','Miami Gardens, FL','Riverview, FL','Davie, FL','Boca Raton, FL','Sunrise, FL','Deltona, FL','Alafaya, FL','Plantation, FL','Palm Coast, FL','Deerfield Beach, FL','Fort Myers, FL',"Town 'n' Country, FL",'Melbourne, FL','Miami Beach, FL','Largo, FL','Homestead, FL','Boynton Beach, FL','Kendall, FL','Kissimmee, FL','The Villages, FL','Doral, FL','North Port, FL','Lauderhill, FL','Daytona Beach, FL','Tamarac, FL','Poinciana, FL','Weston, FL','Delray Beach, FL','Pine Hills, FL','Wesley Chapel, FL','Ocala, FL','Port Orange, FL','Wellington, FL','Palm Harbor, FL','Sanford, FL','Jupiter, FL','Port Charlotte, FL','North Miami, FL','Fountainebleau, FL','The Hammocks, FL','Palm Beach Gardens, FL','St. Cloud, FL','Margate, FL','Horizon West, FL','Coconut Creek, FL','Westchester, FL','Four Corners, FL','Bradenton, FL','Kendale Lakes, FL','Apopka, FL','Sarasota, FL','Pensacola, FL','Tamiami, FL','Bonita Springs, FL','Pinellas Park, FL','University, FL','Country Club, FL','Coral Gables, FL','Winter Haven, FL','Titusville, FL','Fort Pierce, FL','Ocoee, FL','Winter Garden, FL','Altamonte Springs, FL','Cutler Bay, FL','University CDP, FL','North Lauderdale, FL','Oakland Park, FL','Greenacres, FL','Meadow Woods, FL','North Miami Beach, FL','Ormond Beach, FL','Clermont, FL','North Fort Myers, FL','The Acreage, FL','Hallandale Beach, FL','Navarre, FL','Aventura, FL','Oviedo, FL','Plant City, FL','Princeton, FL','Royal Palm Beach, FL','Winter Springs, FL','Lake Worth, FL','Valrico, FL','Riviera Beach, FL','DeLand, FL','Estero, FL','South Miami Heights, FL','Egypt Lake-Leto, FL','Kendall West, FL','Dunedin, FL','Lauderdale Lakes, FL','Richmond West, FL','Parkland, FL','Merritt Island, FL','Cooper City, FL','Carrollwood, FL','West Little River, FL','Panama City, FL','Golden Glades, FL','East Lake, FL','Fruit Cove, FL','Dania Beach, FL','Lakeside, FL','Oakleaf Plantation, FL','Sun City Center, FL','Lake Magdalene, FL','Miami Lakes, FL','Buenaventura Lakes, FL','New Smyrna Beach, FL','Ferry Pass, FL','Winter Park, FL','Fleming Island, FL','Casselberry, FL','Ruskin, FL','Citrus Park, FL','East Lake-Orient Park, FL','Vero Beach South, FL','Rockledge, FL','Crestview, FL','Leesburg, FL','Palm Springs, FL','South Bradenton, FL','Bayonet Point, FL','Temple Terrace, FL','Haines City, FL','University Park, FL','Key West, FL','Leisure City, FL','Wright, FL','Palm River-Clair Mel, FL','Apollo Beach, FL','Westchase, FL','West Melbourne, FL','Palm City, FL','Bellview, FL','Venice, FL','Golden Gate, FL','Keystone, FL','Tarpon Springs, FL','Oak Ridge, FL','Sebastian, FL','Ives Estates, FL','Holiday, FL','Silver Springs Shores, FL','Pace, FL','Fish Hawk, FL','Immokalee, FL','Palmetto Bay, FL','Hunters Creek, FL','Jacksonville Beach, FL','Ensley, FL','Lutz, FL','Port St. John, FL','Brent, FL','Wekiwa Springs, FL','The Crossings, FL','Eustis, FL','Coral Terrace, FL','Edgewater, FL','Hialeah Gardens, FL','Northdale, FL','Bloomingdale, FL','Nocatee, FL','Sunny Isles Beach, FL','DeBary, FL','World Golf Village, FL','Palm Valley, FL','Jasmine Estates, FL','Florida Ridge, FL','Lealman, FL','West Pensacola, FL','Fort Walton Beach, FL','Englewood, FL','Glenvar Heights, FL','Bayshore Gardens, FL','Ojus, FL','Midway CDP, FL','Maitland, FL','Punta Gorda, FL','Seminole, FL','Sweetwater, FL','Bartow, FL','Naples, FL','Cocoa, FL','Tavares, FL','Lake Butler, FL','Lynn Haven, FL','Gibsonton, FL','San Carlos Park, FL','Groveland, FL','Pinecrest, FL','Panama City Beach, FL','Stuart, FL','Pinewood, FL','Myrtle Grove, FL','Zephyrhills, FL','Safety Harbor, FL','Country Walk, FL','Iona, FL','Lake Mary, FL','New Port Richey, FL','Belle Glade, FL','Viera West, FL','Brownsville, FL','Three Lakes, FL','Opa-locka, FL','West Lealman, FL','Lake Wales, FL','Vero Beach, FL','Mount Dora, FL','Southchase, FL','Lady Lake, FL','Sunset, FL','Upper Grand Lagoon, FL','Niceville, FL','Marco Island, FL','Wildwood, FL','South Venice, FL','Auburndale, FL','Fruitville, FL','Thonotosassa, FL','Warrington, FL','West Park, FL','Longwood, FL','Gladeview, FL','Oldsmar, FL','Key Biscayne, FL','Forest City, FL','Gonzalez, FL','Elfers, FL','Bellair-Meadowbrook Terrace, FL','St. Augustine, FL','East Milton, FL','Homosassa Springs, FL','Yulee, FL','Azalea Park, FL','Lockhart, FL','Destin, FL','Miami Springs, FL','Minneola, FL','Cypress Lake, FL','Conway, FL','Atlantic Beach, FL','Naranja, FL','Palmetto Estates, FL','Goldenrod, FL','Palmetto, FL','Hobe Sound, FL','North Palm Beach, FL','Florida City, FL','Fernandina Beach, FL','Callaway, FL','Holly Hill, FL','Hudson, FL','Middleburg, FL','Olympia Heights, FL','South Daytona, FL','Mango, FL','Villas, FL','Jensen Beach, FL','Orange City, FL','Jupiter Farms, FL','Cheval, FL','Sarasota Springs, FL','Lakewood Park, FL','Key Largo, FL','Highland City, FL','Lake City, FL','Doctor Phillips, FL','Lakeland Highlands, FL','Laurel, FL','South Miami, FL','Trinity, FL','Gulfport, FL','Shady Hills, FL','Viera East, FL','Miami Shores, FL','Lantana, FL','Goulds, FL','Wilton Manors, FL','Westwood Lakes, FL','Cocoa Beach, FL','Satellite Beach, FL','Sugarmill Woods, FL','Progress Village, FL','Celebration, FL','Pine Castle, FL','Pasadena Hills, FL','Gulf Gate Estates, FL','Pine Ridge, FL','Asbury Lake, FL','New Port Richey East, FL','Medulla, FL','Sebring, FL','Fairview Shores, FL','West Perrine, FL','Alachua, FL','Lighthouse Point, FL','Fuller Heights, FL','Union Park, FL','Palatka, FL','Port Salerno, FL','Gateway, FL','Citrus Springs, FL','Milton, FL','Cypress Gardens, FL','Rotonda, FL','West Vero Corridor, FL','Cape Canaveral, FL','Atlanta, GA','Columbus, GA','Augusta-Richmond County, GA','Macon-Bibb County, GA','Savannah, GA','Athens-Clarke County, GA','Sandy Springs, GA','South Fulton, GA','Roswell, GA','Johns Creek, GA','Warner Robins, GA','Albany, GA','Alpharetta, GA','Marietta, GA','Stonecrest, GA','Smyrna, GA','Valdosta, GA','Brookhaven, GA','Dunwoody, GA','Newnan, GA','Gainesville, GA','Peachtree Corners, GA','Milton, GA','Mableton, GA','East Point, GA','Peachtree City, GA','Rome, GA','Tucker, GA','Woodstock, GA','Hinesville, GA','Douglasville, GA','Evans, GA','Martinez, GA','Dalton, GA','Statesboro, GA','Kennesaw, GA','Canton, GA','Duluth, GA','Redan, GA','LaGrange, GA','Lawrenceville, GA','Chamblee, GA','McDonough, GA','Stockbridge, GA','Union City, GA','Carrollton, GA','Pooler, GA','Sugar Hill, GA','Decatur, GA','Griffin, GA','Cartersville, GA','Candler-McAfee, GA','Acworth, GA','Suwanee, GA','Perry, GA','Snellville, GA','North Druid Hills, GA','Forest Park, GA','Fayetteville, GA','Thomasville, GA','North Decatur, GA','Winder, GA','Kingsland, GA','St. Marys, GA','Conyers, GA','Norcross, GA','Buford, GA','Milledgeville, GA','Tifton, GA','Villa Rica, GA','Calhoun, GA','Powder Springs, GA','Lithia Springs, GA','Richmond Hill, GA','Fairburn, GA','Americus, GA','Holly Springs, GA','Dublin, GA','Grovetown, GA','Brunswick, GA','Wilmington Island and Riverdale, GA','Belvedere Park, GA','St. Simons, GA','Monroe, GA','Clarkston, GA','Moultrie, GA','Lilburn, GA','Bainbridge, GA','Covington, GA','Loganville, GA','Dallas, GA','Waycross, GA','College Park, GA','Braselton, GA','Jefferson, GA','Mountain Park CDP, GA','Vinings, GA','Georgetown, GA','Douglas, GA','Panthersville, GA','Rincon, GA','Port Wentworth, GA','Vidalia, GA','Scottdale, GA','Doraville, GA','Fort Oglethorpe, GA','Garden City, GA','Cordele, GA','Cedartown, GA','Cairo, GA','Lovejoy, GA','Urban Honolulu, HI','East Honolulu, HI','Pearl City, HI','Hilo, HI','Waipahu, HI','Kailua CDP, HI','Kaneohe, HI','Kahului, HI','Mililani Town, HI','Ewa Gentry, HI','Kihei, HI','Kapolei, HI','Mililani Mauka, HI','Makakilo, HI','Kailua, HI','Wahiawa, HI','Wailuku, HI','Ewa Beach, HI','Halawa, HI','Ocean Pointe, HI','Hawaiian Paradise Park, HI','Schofield Barracks, HI','Royal Kunia, HI','Waimalu, HI','Waianae, HI','Lahaina, HI','Nanakuli, HI','Waipio, HI','Kalaoa, HI','Kapaa, HI','Maili, HI','Kaneohe Station, HI','Aiea, HI','Boise City, ID','Meridian, ID','Nampa, ID','Idaho Falls, ID','Caldwell, ID','Pocatello, ID',"Coeur d'Alene, ID",'Twin Falls, ID','Rexburg, ID','Post Falls, ID','Lewiston, ID','Eagle, ID','Moscow, ID','Kuna, ID','Ammon, ID','Mountain Home, ID','Hayden and Chubbuck, ID','Jerome, ID','Blackfoot, ID','Garden City, ID','Burley, ID','Star, ID','Chicago, IL','Aurora, IL','Joliet, IL','Naperville, IL','Rockford, IL','Elgin, IL','Springfield, IL','Peoria, IL','Waukegan, IL','Champaign, IL','Cicero, IL','Schaumburg, IL','Bloomington, IL','Evanston, IL','Arlington Heights, IL','Bolingbrook, IL','Decatur, IL','Palatine, IL','Skokie, IL','Des Plaines, IL','Orland Park, IL','Oak Lawn, IL','Berwyn, IL','Mount Prospect, IL','Tinley Park, IL','Oak Park, IL','Wheaton, IL','Normal, IL','Hoffman Estates, IL','Downers Grove, IL','Glenview, IL','Elmhurst, IL','Plainfield, IL','Lombard, IL','Buffalo Grove, IL','Moline, IL','Belleville, IL','Bartlett, IL','DeKalb, IL','Crystal Lake, IL','Romeoville, IL','Carol Stream, IL','Park Ridge, IL','Streamwood, IL','Quincy, IL','Wheeling, IL','Urbana, IL','Carpentersville, IL','Hanover Park, IL','Rock Island, IL','Calumet City, IL','Addison, IL','Northbrook, IL','Oswego, IL','Woodridge, IL','Glendale Heights, IL','St. Charles, IL','Elk Grove Village, IL',"O'Fallon, IL",'Pekin, IL','Mundelein, IL','Niles, IL','North Chicago, IL','Gurnee, IL','Highland Park, IL','Galesburg, IL','Algonquin, IL','Burbank, IL','Danville, IL','Lansing, IL','Lake in the Hills, IL','Glen Ellyn, IL','Wilmette, IL','Huntley, IL','Granite City, IL','Chicago Heights, IL','Oak Forest, IL','Round Lake Beach, IL','New Lenox, IL','McHenry, IL','Vernon Hills, IL','Edwardsville, IL','Batavia, IL','Lockport, IL','Alton, IL','Woodstock, IL','West Chicago, IL','Belvidere, IL','Morton Grove, IL','Melrose Park, IL','Zion, IL','Homer Glen, IL','Elmwood Park, IL','Westmont, IL','Collinsville, IL','Lisle, IL','Rolling Meadows, IL','Kankakee, IL','Freeport, IL','South Elgin, IL','Maywood, IL','Loves Park, IL','Machesney Park, IL','Roselle, IL','Blue Island, IL','East Peoria, IL','Bloomingdale, IL','Villa Park, IL','Darien, IL','Carbondale, IL','Park Forest, IL','Yorkville, IL','South Holland, IL','Dolton, IL','Geneva, IL','East Moline, IL','Grayslake, IL','Libertyville, IL','Crest Hill, IL','Harvey, IL','Frankfort, IL','Montgomery, IL','Evergreen Park, IL','Mokena, IL','Lake Zurich, IL','Brookfield, IL','Homewood, IL','Lake Forest, IL','Deerfield, IL','Matteson, IL','Alsip, IL','Ottawa, IL','Bensenville, IL','Bellwood, IL','Round Lake, IL','Sycamore, IL','Palos Hills, IL','East St. Louis, IL','Franklin Park, IL','North Aurora, IL','Shorewood, IL','Bourbonnais, IL','Cary, IL','Godfrey, IL','Lemont, IL','Jacksonville, IL','Hinsdale, IL','Charleston, IL','Morton, IL','Bridgeview, IL','Westchester, IL','Mattoon, IL','Marion, IL','Country Club Hills, IL','Fairview Heights, IL','La Grange, IL','Washington, IL','Prospect Heights, IL','Bradley, IL','Dixon, IL','Norridge, IL','Macomb, IL','Sterling, IL','Antioch, IL','Mount Vernon, IL','Hickory Hills, IL','Chicago Ridge, IL','Lindenhurst, IL','Swansea, IL','Chatham, IL','Forest Park, IL','Midlothian, IL','Beach Park, IL','Morris, IL','Shiloh, IL','Wauconda, IL','Wood Dale, IL','Glen Carbon, IL','Western Springs, IL','Warrenville, IL','La Grange Park, IL','Lincolnwood, IL','Channahon, IL','Hazel Crest, IL','Lincoln, IL','Canton, IL','Northlake, IL','Richton Park, IL','Minooka, IL','Winnetka, IL','Justice, IL','Kewanee, IL','Streator, IL','Rantoul, IL','Herrin, IL','Effingham, IL','Centralia, IL','Cahokia, IL','Palos Heights, IL','Plano, IL','River Forest, IL','Schiller Park, IL','Markham, IL','Burr Ridge, IL','Summit, IL','Pontiac, IL','Waterloo, IL','Columbia, IL','Roscoe, IL','Fox Lake, IL','Worth, IL','Troy, IL','Campton Hills, IL','Crestwood, IL','Lyons, IL','Barrington, IL','Riverdale, IL','Gages Lake, IL','River Grove, IL','Taylorville, IL','Wood River, IL','Pingree Grove, IL','Indianapolis, IN','Fort Wayne, IN','Evansville, IN','South Bend, IN','Carmel, IN','Fishers, IN','Bloomington, IN','Hammond, IN','Lafayette, IN','Noblesville, IN','Gary, IN','Muncie, IN','Greenwood, IN','Kokomo, IN','Terre Haute, IN','Anderson, IN','Elkhart, IN','Mishawaka, IN','Columbus, IN','Jeffersonville, IN','Lawrence, IN','Westfield, IN','West Lafayette, IN','Portage, IN','New Albany, IN','Merrillville, IN','Richmond, IN','Plainfield, IN','Goshen, IN','Valparaiso, IN','Crown Point, IN','Michigan City, IN','Zionsville, IN','Granger, IN','Hobart, IN','Schererville, IN','Brownsburg, IN','Marion, IN','East Chicago, IN','Franklin, IN','Highland, IN','Munster, IN','Greenfield, IN','La Porte, IN','Clarksville, IN','Seymour, IN','Avon, IN','St. John, IN','Shelbyville, IN','Logansport, IN','New Castle, IN','Huntington, IN','Vincennes, IN','Frankfort, IN','Jasper, IN','Lebanon, IN','Griffith, IN','Dyer, IN','Crawfordsville, IN','Warsaw, IN','New Haven, IN','Beech Grove, IN','Chesterton, IN','Cedar Lake, IN','Speedway, IN','Bedford, IN','Auburn, IN','Connersville, IN','Lake Station, IN','Madison, IN','Greensburg, IN','Washington, IN','Martinsville, IN','Yorktown, IN','Peru, IN','Lowell, IN','Danville, IN','Wabash, IN','Bluffton, IN','Kendallville, IN','Plymouth, IN','Whitestown, IN','Des Moines, IA','Cedar Rapids, IA','Davenport, IA','Sioux City, IA','Iowa City, IA','West Des Moines, IA','Ankeny, IA','Waterloo, IA','Ames, IA','Council Bluffs, IA','Dubuque, IA','Urbandale, IA','Marion, IA','Cedar Falls, IA','Bettendorf, IA','Marshalltown, IA','Mason City, IA','Ottumwa, IA','Fort Dodge, IA','Clinton, IA','Johnston, IA','Burlington, IA','Waukee, IA','Muscatine, IA','Coralville, IA','North Liberty, IA','Altoona, IA','Clive, IA','Indianola, IA','Newton, IA','Grimes, IA','Norwalk, IA','Boone, IA','Oskaloosa, IA','Spencer, IA','Storm Lake, IA','Le Mars, IA','Pella, IA','Waverly, IA','Carroll, IA','Fort Madison, IA','Pleasant Hill, IA','Wichita, KS','Overland Park, KS','Kansas City, KS','Olathe, KS','Topeka, KS','Lawrence, KS','Shawnee, KS','Lenexa, KS','Manhattan, KS','Salina, KS','Hutchinson, KS','Leavenworth, KS','Leawood, KS','Garden City, KS','Dodge City, KS','Derby, KS','Emporia, KS','Gardner, KS','Prairie Village, KS','Junction City, KS','Hays, KS','Pittsburg, KS','Liberal, KS','Newton, KS','Andover, KS','Great Bend, KS','McPherson, KS','El Dorado, KS','Ottawa, KS','Arkansas City, KS','Winfield, KS','Haysville, KS','Lansing, KS','Merriam, KS','Atchison, KS','Louisville/Jefferson County , KY','Lexington-Fayette, KY','Bowling Green, KY','Owensboro, KY','Covington, KY','Georgetown, KY','Richmond, KY','Florence, KY','Elizabethtown, KY','Hopkinsville, KY','Nicholasville, KY','Independence, KY','Frankfort, KY','Jeffersontown, KY','Henderson, KY','Paducah, KY','Radcliff, KY','Ashland, KY','Erlanger, KY','Madisonville, KY','Winchester, KY','Mount Washington, KY','St. Matthews, KY','Fort Thomas, KY','Burlington, KY','Murray, KY','Shelbyville, KY','Danville, KY','Shively, KY','Berea, KY','Glasgow, KY','Shepherdsville, KY','Newport, KY','Bardstown, KY','Fort Campbell North, KY','Somerset, KY','Lawrenceburg, KY','Campbellsville, KY','Lyndon, KY','Versailles, KY','Alexandria, KY','Franklin, KY','Paris, KY','La Grange, KY','Mayfield, KY','New Orleans, LA','Baton Rouge, LA','Shreveport, LA','Metairie, LA','Lafayette, LA','Lake Charles, LA','Kenner, LA','Bossier City, LA','Monroe, LA','Alexandria, LA','Houma, LA','Prairieville, LA','Marrero, LA','Central, LA','Laplace, LA','Slidell, LA','New Iberia, LA','Terrytown, LA','Harvey, LA','Ruston, LA','Sulphur, LA','Chalmette, LA','Bayou Cane, LA','Hammond, LA','Zachary, LA','Shenandoah, LA','Natchitoches, LA','Estelle, LA','Gretna, LA','Thibodaux, LA','Youngsville, LA','Opelousas, LA','Pineville, LA','Luling, LA','River Ridge, LA','Broussard, LA','Bayou Blue, LA','Gardere, LA','Mandeville, LA','West Monroe, LA','Claiborne, LA','Moss Bluff, LA','Baker, LA','Gonzales, LA','Minden, LA','Crowley, LA','Covington, LA','Morgan City, LA','Destrehan, LA','Woodmere, LA','Abbeville, LA','Bogalusa, LA','Jefferson, LA','Belle Chasse, LA','Timberlane, LA','Portland, ME','Lewiston, ME','Bangor, ME','South Portland, ME','Auburn, ME','Biddeford, ME','Scarborough, ME','Sanford, ME','Brunswick, ME','Westbrook, ME','Saco, ME','Augusta, ME','Windham, ME','Gorham, ME','Waterville, ME','York, ME','Falmouth, ME','Kennebunk, ME','Wells, ME','Orono, ME','Standish, ME','Kittery, ME','Baltimore, MD','Columbia, MD','Germantown, MD','Waldorf, MD','Silver Spring, MD','Frederick, MD','Ellicott City, MD','Glen Burnie, MD','Gaithersburg, MD','Bethesda, MD','Dundalk, MD','Rockville, MD','Towson, MD','Bowie, MD','Bel Air South, MD','Severn, MD','Wheaton, MD','Aspen Hill, MD','North Bethesda, MD','Potomac, MD','Catonsville, MD','Hagerstown, MD','Odenton, MD','Annapolis, MD','Essex, MD','Woodlawn, MD','Severna Park, MD','Clinton, MD','Chillum, MD','Olney, MD','Owings Mills, MD','Montgomery Village, MD','College Park, MD','Pikesville, MD','Randallstown, MD','Middle River, MD','Salisbury, MD','Pasadena, MD','Eldersburg, MD','Bel Air North, MD','Parkville, MD','Milford Mill, MD','Laurel, MD','Crofton, MD','South Laurel, MD','Perry Hall, MD','Carney, MD','Clarksburg, MD','Ilchester, MD','Reisterstown, MD','Landover, MD','Suitland, MD','Edgewood, MD','Lochearn, MD','Fairland, MD','North Laurel, MD','Elkridge, MD','Ballenger Creek, MD','Greenbelt, MD','Fort Washington, MD','Cockeysville, MD','Arnold, MD','North Potomac, MD','Camp Springs, MD','Arbutus, MD','Hyattsville, MD','Beltsville, MD','Langley Park and Westminster, MD','Rosedale, MD','Seabrook, MD','Lake Shore, MD','Maryland City, MD','Cumberland, MD','Oxon Hill, MD','Redland, MD','East Riverdale, MD','Glassmanor, MD','Parole, MD','Takoma Park, MD','Calverton, MD','Damascus, MD','Easton, MD','Ferndale, MD','Adelphi, MD','Glenmont, MD','White Oak, MD','Aberdeen, MD','Brooklyn Park, MD','Rossville, MD','Elkton, MD','Hillcrest Heights, MD','Colesville, MD','Bensville, MD','Cloverly, MD','Havre de Grace, MD','Summerfield, MD','Glenn Dale, MD','Lake Arbor, MD','Kettering, MD','Accokeek, MD','New Carrollton, MD','Joppatowne, MD','Kemp Mill, MD','Lexington Park, MD','Urbana, MD','Brock Hall, MD','Cambridge, MD','California, MD','Overlea, MD','Forestville, MD','Riviera Beach, MD','Linganore, MD','Mays Chapel, MD','Walker Mill, MD','Ocean Pines, MD','Travilah, MD','Halfway, MD','Westphalia, MD','Largo, MD','Rosaryville, MD','Lanham, MD','Linthicum, MD','Mitchellville, MD','Annapolis Neck, MD','Bel Air town, MD','Brandywine, MD','Jessup, MD','Timonium, MD','Chesapeake Ranch Estates, MD','White Marsh, MD','Chevy Chase CDP, MD','La Plata, MD','Boston, MA','Worcester, MA','Springfield, MA','Cambridge, MA','Lowell, MA','Brockton, MA','Quincy, MA','Lynn, MA','New Bedford, MA','Fall River, MA','Lawrence, MA','Newton, MA','Somerville, MA','Framingham, MA','Haverhill, MA','Malden, MA','Waltham, MA','Brookline, MA','Revere, MA','Plymouth, MA','Medford, MA','Taunton, MA','Weymouth Town, MA','Chicopee, MA','Peabody, MA','Methuen Town, MA','Everett, MA','Barnstable Town, MA','Attleboro, MA','Arlington, MA','Salem, MA','Pittsfield, MA','Leominster, MA','Beverly, MA','Billerica, MA','Fitchburg, MA','Marlborough, MA','Woburn, MA','Westfield, MA','Chelsea, MA','Amherst, MA','Braintree Town, MA','Shrewsbury, MA','Holyoke, MA','Natick, MA','Andover, MA','Chelmsford, MA','Watertown Town, MA','Randolph Town, MA','Lexington, MA','Dartmouth, MA','Franklin Town, MA','Dracut, MA','Falmouth, MA','Needham, MA','Norwood, MA','Tewksbury, MA','North Andover, MA','Milford, MA','Melrose, MA','Gloucester, MA','Northampton, MA','Wellesley, MA','Stoughton, MA','North Attleborough, MA','West Springfield Town, MA','Agawam Town, MA','Bridgewater Town, MA','Milton, MA','Saugus, MA','Danvers, MA','Belmont, MA','Wakefield, MA','Walpole, MA','Burlington, MA','Marshfield, MA','Reading, MA','Dedham, MA','Easton, MA','Yarmouth, MA','Westford, MA','Canton, MA','Hingham, MA','Middleborough, MA','Acton, MA','Mansfield, MA','Wilmington, MA','Wareham, MA','Stoneham, MA','Winchester, MA','Westborough, MA','Gardner, MA','Ludlow, MA','Bourne, MA','Marblehead, MA','Sandwich, MA','Hudson, MA','Holden, MA','Grafton, MA','Winthrop Town, MA','Norton, MA','Scituate, MA','Sudbury, MA','Ashland, MA','Hopkinton, MA','Foxborough, MA','Sharon, MA','Concord, MA','Pembroke, MA','Somerset, MA','Newburyport, MA','South Hadley, MA','Rockland, MA','Webster, MA','Southbridge Town, MA','Greenfield Town, MA','Amesbury Town, MA','Swansea, MA','Abington, MA','Bellingham, MA','Auburn, MA','East Longmeadow, MA','Westport, MA','Northbridge, MA','Westwood, MA','Easthampton Town, MA','Duxbury, MA','Fairhaven, MA','Longmeadow, MA','Northborough, MA','North Reading, MA','Seekonk, MA','Clinton, MA','Belchertown, MA','Raynham, MA','Whitman, MA','Swampscott, MA','Mashpee, MA','Holliston, MA','Hanover, MA','Dennis, MA','Wilbraham, MA','East Bridgewater, MA','Bedford, MA','Nantucket, MA','Uxbridge, MA','Wayland, MA','Millbury, MA','Ipswich, MA','Kingston, MA','Harwich, MA','Oxford, MA','Charlton, MA','Medway, MA','Lynnfield, MA','North Adams, MA','Medfield, MA','Rehoboth, MA','Palmer Town, MA','Tyngsborough, MA','Wrentham, MA','Spencer, MA','Athol, MA','Dudley, MA','Weston, MA','Lunenburg, MA','Norfolk, MA','Carver, MA','Pepperell, MA','Lakeville, MA','Holbrook, MA','Norwell, MA','Groton, MA','Leicester, MA','Maynard, MA','Hanson, MA','Acushnet, MA','Southborough, MA','Winchendon, MA','Brewster, MA','Littleton, MA','Hull, MA','Ware, MA','Detroit, MI','Grand Rapids city, MI','Warren city, MI','Sterling Heights, MI','Ann Arbor city, MI','Lansing city, MI','Dearborn, MI','Clinton charter township, MI','Canton, MI','Livonia, MI','Macomb, MI','Troy city, MI','Westland, MI','Farmington Hills, MI','Flint city, MI','Shelby, MI','Southfield city, MI','Wyoming, MI','Rochester Hills, MI','Kalamazoo city, MI','Waterford, MI','Novi city, MI','West Bloomfield, MI','Taylor, MI','Dearborn Heights, MI','Pontiac, MI','St. Clair Shores, MI','Royal Oak city, MI','Ypsilanti, MI','Kentwood, MI','Georgetown, MI','Battle Creek, MI','Redford, MI','Portage city, MI','East Lansing, MI','Roseville, MI','Chesterfield, MI','Bloomfield charter township, MI','Saginaw city, MI','Meridian, MI','Commerce, MI','Midland city, MI','Saginaw, MI','Lincoln Park, MI','Grand Blanc, MI','Pittsfield, MI','Muskegon city, MI','Holland charter township, MI','Orion, MI','Independence, MI','Holland city, MI','Eastpointe, MI','Plainfield charter township, MI','Brownstown, MI','Delta, MI','Bay City, MI','Bedford township, MI','Northville, MI','Flint, MI','Jackson, MI','White Lake, MI','Van Buren, MI','Southgate, MI','Burton, MI','Oak Park, MI','Port Huron city, MI','Gaines charter township, MI','Allen Park, MI','Madison Heights, MI','Hamtramck, MI','Washington township, MI','Plymouth, MI','Delhi, MI','Garden City, MI','Byron, MI','Allendale, MI','Inkster, MI','Blackman, MI','Romulus, MI','Walker city, MI','Wyandotte, MI','Norton Shores, MI','Auburn Hills, MI','Harrison, MI','Oshtemo, MI','Lyon, MI','Summit, MI','Kalamazoo, MI','Oxford, MI','Birmingham, MI','Mount Pleasant, MI','Frenchtown, MI','Hamburg, MI','Genoa, MI','Ypsilanti city, MI','Adrian city, MI','Marquette city, MI','Genesee, MI','Monroe city, MI','Davison, MI','Oakland, MI','Mount Morris, MI','Cascade, MI','Green Oak, MI','Garfield charter township, MI','Ferndale, MI','Highland, MI','Brighton, MI','Grand Rapids, MI','Park, MI','Trenton, MI','Grand Haven, MI','Wayne city, MI','Texas, MI','Muskegon, MI','Scio, MI','Wixom, MI','Milford, MI','Huron charter township, MI','Fenton, MI','Grosse Pointe Woods, MI','Grandville, MI','Caledonia township, MI','Mount Clemens, MI','Traverse City, MI','Harper Woods, MI','Brandon, MI','Spring Lake, MI','Mundy, MI','Hartland, MI','Comstock, MI','Berkley, MI','DeWitt, MI','Hazel Park, MI','Lincoln charter township, MI','Southfield, MI','Superior charter township, MI','Fraser city, MI','Owosso city, MI','Springfield charter township, MI','Oceola, MI','Fruitport, MI','Niles, MI','Monroe, MI','Ada, MI','Cannon, MI','Benton, MI','Alpine, MI','Bangor, MI','Leoni, MI','Coldwater city, MI','Antwerp, MI','Ionia city, MI','Sault Ste. Marie, MI','Vienna, MI','Bath, MI','Rochester, MI','Woodhaven, MI','Melvindale, MI','Riverview, MI','Escanaba city, MI','Lenox, MI','New Baltimore, MI','Algoma, MI','Fenton city, MI','Zeeland, MI','Holly, MI','Niles city, MI','Tyrone township, MI','Thomas, MI','South Lyon, MI','Emmett, MI','Union charter township, MI','Farmington, MI','Grosse Pointe Park, MI','East Bay, MI','Clawson, MI','East Grand Rapids, MI','Marion township, MI','Fort Gratiot, MI','Egelston, MI','Sturgis city, MI','Grand Haven city, MI','Port Huron, MI','Grosse Ile, MI','Flushing, MI','Monitor, MI','Tittabawassee, MI','Flat Rock, MI','Cooper, MI','Cadillac, MI','Alpena city, MI','Grosse Pointe Farms, MI','Bridgeport, MI','Howell city, MI'
];
